threshold,acc_ensemble_mean,acc_ensemble_std,acc_random_mean,acc_random_std,avg_selected_models,ensemble_formatted,random_formatted,gemma-2b_freq,gemma-7b_freq,Llama-2-7b-chat-hf_freq,Llama-2-13b-chat-hf_freq,phi-2_freq,deepseek-llm-7b-chat_freq,Llama-3.1-8B-Instruct_freq,Qwen2-7B-Instruct_freq,StableLM-Zephyr-3B_freq,Falcon3-10B-Instruct_freq
0.1,0.8582,0.0000,0.8729,0.0029,10.00 ± 0.00,0.8582 ± 0.0000,0.8729 ± 0.0029,1.0000 ± 0.0000,1.0000 ± 0.0000,1.0000 ± 0.0000,1.0000 ± 0.0000,1.0000 ± 0.0000,1.0000 ± 0.0000,1.0000 ± 0.0000,1.0000 ± 0.0000,1.0000 ± 0.0000,1.0000 ± 0.0000
0.2,0.8582,0.0000,0.8729,0.0029,10.00 ± 0.00,0.8582 ± 0.0000,0.8729 ± 0.0029,1.0000 ± 0.0000,1.0000 ± 0.0000,1.0000 ± 0.0000,1.0000 ± 0.0000,1.0000 ± 0.0000,1.0000 ± 0.0000,1.0000 ± 0.0000,1.0000 ± 0.0000,1.0000 ± 0.0000,1.0000 ± 0.0000
0.3,0.8635,0.0008,0.8686,0.0057,9.44 ± 0.16,0.8635 ± 0.0008,0.8686 ± 0.0057,0.5368 ± 0.1324,1.0000 ± 0.0000,0.9073 ± 0.0320,0.9995 ± 0.0004,1.0000 ± 0.0000,1.0000 ± 0.0000,1.0000 ± 0.0000,1.0000 ± 0.0000,1.0000 ± 0.0000,1.0000 ± 0.0000
0.4,0.8891,0.0012,0.8453,0.0135,7.38 ± 0.03,0.8891 ± 0.0012,0.8453 ± 0.0135,0.0000 ± 0.0000,0.9942 ± 0.0082,0.0000 ± 0.0000,0.4597 ± 0.0401,0.9765 ± 0.0068,1.0000 ± 0.0000,0.9558 ± 0.0247,1.0000 ± 0.0000,0.9894 ± 0.0042,1.0000 ± 0.0000
0.5,0.8863,0.0080,0.7961,0.0020,5.24 ± 0.18,0.8863 ± 0.0080,0.7961 ± 0.0020,0.0000 ± 0.0000,0.4860 ± 0.1719,0.0000 ± 0.0000,0.0000 ± 0.0000,0.5322 ± 0.2103,0.9992 ± 0.0008,0.3338 ± 0.0997,1.0000 ± 0.0000,0.8926 ± 0.0517,1.0000 ± 0.0000
0.6,0.9022,0.0020,0.6730,0.0263,2.79 ± 0.27,0.9022 ± 0.0020,0.6730 ± 0.0263,0.0000 ± 0.0000,0.0015 ± 0.0008,0.0000 ± 0.0000,0.0000 ± 0.0000,0.0503 ± 0.0590,0.3414 ± 0.0564,0.0005 ± 0.0004,0.9949 ± 0.0069,0.4038 ± 0.1912,0.9995 ± 0.0009
0.7,0.9042,0.0050,0.6048,0.0107,1.05 ± 0.04,0.9042 ± 0.0050,0.6048 ± 0.0107,0.0000 ± 0.0000,0.0000 ± 0.0000,0.0000 ± 0.0000,0.0000 ± 0.0000,0.0005 ± 0.0009,0.0000 ± 0.0000,0.0000 ± 0.0000,0.6998 ± 0.2526,0.0179 ± 0.0209,0.3323 ± 0.2505
0.8,0.9050,0.0050,0.6048,0.0107,1.00 ± 0.00,0.9050 ± 0.0050,0.6048 ± 0.0107,0.0000 ± 0.0000,0.0000 ± 0.0000,0.0000 ± 0.0000,0.0000 ± 0.0000,0.0005 ± 0.0009,0.0000 ± 0.0000,0.0000 ± 0.0000,0.6907 ± 0.2525,0.0177 ± 0.0205,0.2911 ± 0.2597
0.9,0.9050,0.0050,0.6048,0.0107,1.00 ± 0.00,0.9050 ± 0.0050,0.6048 ± 0.0107,0.0000 ± 0.0000,0.0000 ± 0.0000,0.0000 ± 0.0000,0.0000 ± 0.0000,0.0005 ± 0.0009,0.0000 ± 0.0000,0.0000 ± 0.0000,0.6907 ± 0.2525,0.0177 ± 0.0205,0.2911 ± 0.2597
